Béla2010,macska,bela2010@gmail.com,Béla,Smith,36123456789,112,Magyarország,Kétegyháza,5741,Só utca 1,true
Céla,nincs,cicc.ang@navmail.com,Angéla,Cicc,36987654321,42,Anglia,London,250329,Roger street 6,false
Déla,kacsahh,duckdonaldsandor@esztée.hu,Sándor,Donald,3611223344,60,Magyarország,Algyő,6750,Al utca 71,false
xXxJózsixXx,xxxXXXxxx,piacman@citromail.bp,József,Városi,3642424242,30,YMCA államok,Young York,6969,Village street 69,false
JenőIntegrál,3xnegyzet+69ix-igen,intatob@fig.dx,Jenő,Matológiai,69420420,69,Elmélet,Sárkányfölde,420,Németh utca 42,true
ÁdámCat,admin,admincat@adamail.cat,Ádám,Admin,362131415,22,Magyarország,Szeged,6700,Hosszú utca 46,true
